{"192.168.0.1": [[[1495465720.0857723, 15, 7, 116, 115]], [[1495465720.0857723, 15, 7, 116, 115]], [[1495465725.0770435, 4, 0, 3, 3]], [[1495465725.0770435, 4, 0, 3, 3]], [[1495465730.0553133, 4, 0, 1, 1]], [[1495465730.0553133, 4, 0, 1, 1]], [[1495465735.0384052, 4, 0, 1, 1]], [[1495465735.0384052, 4, 0, 1, 1]], [[1495465740.039031, 4, 0, 0, 0]], [[1495465740.039031, 4, 0, 0, 0]], [[1495465745.0382123, 4, 0, 0, 0]], [[1495465745.0382123, 4, 0, 0, 0]], [[1495465750.0576684, 4, 0, 2, 2]], [[1495465750.0576684, 4, 0, 2, 2]], [[1495465755.0393014, 4, 0, 0, 0]], [[1495465755.0393014, 4, 0, 0, 0]], [[1495465760.0419054, 4, 0, 0, 0]], [[1495465760.0419054, 4, 0, 0, 0]], [[1495465765.0873158, 4, 0, 0, 0]], [[1495465765.0873158, 4, 0, 0, 0]], [[1495465770.0399504, 4, 0, 0, 0]], [[1495465770.0399504, 4, 0, 0, 0]], [[1495465775.0451086, 296, 275, 148, 138]], [[1495465775.0451086, 296, 275, 148, 138]], [[1495465780.0410194, 4648, 4383, 2099, 2100]], [[1495465780.0410194, 4648, 4383, 2099, 2100]], [[1495465785.046111, 4648, 4384, 2101, 2100]], [[1495465785.046111, 4648, 4384, 2101, 2100]], [[1495465790.0406418, 4508, 4250, 2019, 2029]], [[1495465790.0406418, 4508, 4250, 2019, 2029]], [[1495465795.0400252, 5, 0, 1, 1]], [[1495465795.0400252, 5, 0, 1, 1]], [[1495465800.0660121, 4, 0, 0, 0]], [[1495465800.0660121, 4, 0, 0, 0]], [[1495465805.0401154, 5, 0, 0, 0]], [[1495465805.0401154, 5, 0, 0, 0]], [[1495465810.0390103, 4, 0, 0, 0]], [[1495465810.0390103, 4, 0, 0, 0]], [[1495465815.0657377, 4, 0, 0, 0]], [[1495465815.0657377, 4, 0, 0, 0]], [[1495465820.040767, 4, 0, 0, 0]], [[1495465820.040767, 4, 0, 0, 0]], [[1495465825.035607, 470, 0, 0, 0]], [[1495465825.035607, 470, 0, 0, 0]], [[1495465830.0398557, 4624, 0, 0, 0]], [[1495465830.0398557, 4624, 0, 0, 0]], [[1495465835.0364335, 4624, 0, 0, 0]], [[1495465835.0364335, 4624, 0, 0, 0]], [[1495465840.0385897, 4294, 0, 0, 0]], [[1495465840.0385897, 4294, 0, 0, 0]], [[1495465845.0306058, 5, 0, 2, 2]], [[1495465845.0306058, 5, 0, 2, 2]], [[1495465850.0402975, 4, 0, 0, 0]], [[1495465850.0402975, 4, 0, 0, 0]], [[1495465855.0341017, 4, 0, 0, 0]], [[1495465855.0341017, 4, 0, 0, 0]], [[1495465860.0404801, 4, 0, 0, 0]], [[1495465860.0404801, 4, 0, 0, 0]], [[1495465865.036693, 4, 0, 0, 0]], [[1495465865.036693, 4, 0, 0, 0]]], "192.168.0.3": [[[1495465720.0218935, 12592, 16, 73, 73]], [[1495465720.0218935, 12592, 16, 73, 73]], [[1495465725.0249472, 24, 0, 0, 0]], [[1495465725.0249472, 24, 0, 0, 0]], [[1495465730.025097, 21, 0, 0, 0]], [[1495465730.025097, 21, 0, 0, 0]], [[1495465735.0246837, 29, 0, 0, 0]], [[1495465735.0246837, 29, 0, 0, 0]], [[1495465740.0253208, 8, 0, 0, 0]], [[1495465740.0253208, 8, 0, 0, 0]], [[1495465745.0254323, 66, 0, 0, 0]], [[1495465745.0254323, 66, 0, 0, 0]], [[1495465750.025655, 11, 0, 0, 0]], [[1495465750.025655, 11, 0, 0, 0]], [[1495465755.024721, 10, 0, 0, 0]], [[1495465755.024721, 10, 0, 0, 0]], [[1495465760.025036, 31, 0, 0, 0]], [[1495465760.025036, 31, 0, 0, 0]], [[1495465765.0248551, 15, 0, 0, 0]], [[1495465765.0248551, 15, 0, 0, 0]], [[1495465770.0254052, 31, 0, 0, 0]], [[1495465770.0254052, 31, 0, 0, 0]], [[1495465775.026656, 655, 0, 0, 0]], [[1495465775.026656, 655, 0, 0, 0]], [[1495465780.0226066, 4609, 0, 0, 0]], [[1495465780.0226066, 4609, 0, 0, 0]], [[1495465785.0251298, 4574, 0, 0, 0]], [[1495465785.0251298, 4574, 0, 0, 0]], [[1495465790.0223505, 4120, 0, 0, 0]], [[1495465790.0223505, 4120, 0, 0, 0]], [[1495465795.0269256, 63, 0, 0, 0]], [[1495465795.0269256, 63, 0, 0, 0]], [[1495465800.0209768, 30, 0, 0, 0]], [[1495465800.0209768, 30, 0, 0, 0]], [[1495465805.0236673, 41, 0, 0, 0]], [[1495465805.0236673, 41, 0, 0, 0]], [[1495465810.0250964, 31, 0, 0, 0]], [[1495465810.0250964, 31, 0, 0, 0]], [[1495465815.028068, 57, 0, 0, 0]], [[1495465815.028068, 57, 0, 0, 0]], [[1495465820.020698, 59, 0, 0, 0]], [[1495465820.020698, 59, 0, 0, 0]], [[1495465825.0246186, 804, 20, 1, 1]], [[1495465825.0246186, 804, 20, 1, 1]], [[1495465830.0252092, 4643, 117, 0, 0]], [[1495465830.0252092, 4643, 117, 0, 0]], [[1495465835.0247228, 4643, 118, 0, 0]], [[1495465835.0247228, 4643, 118, 0, 0]], [[1495465840.0253563, 3996, 103, 1, 1]], [[1495465840.0253563, 3996, 103, 1, 1]], [[1495465845.0236976, 10, 0, 1, 1]], [[1495465845.0236976, 10, 0, 1, 1]], [[1495465850.0271924, 22, 0, 0, 0]], [[1495465850.0271924, 22, 0, 0, 0]], [[1495465855.0251448, 12, 0, 0, 0]], [[1495465855.0251448, 12, 0, 0, 0]], [[1495465860.0253806, 10, 0, 0, 0]], [[1495465860.0253806, 10, 0, 0, 0]], [[1495465865.02027, 62, 0, 0, 0]], [[1495465865.02027, 62, 0, 0, 0]]], "192.168.0.5": [[[1495465720.004212, 11750663, 4085872, 2047131, 2163431]], [[1495465720.004212, 11750663, 4085872, 2047131, 2163431]], [[1495465725.0093277, 5, 0, 0, 0]], [[1495465725.0093277, 5, 0, 0, 0]], [[1495465730.0099444, 4, 0, 0, 0]], [[1495465730.0099444, 4, 0, 0, 0]], [[1495465735.0045846, 4, 0, 0, 0]], [[1495465735.0045846, 4, 0, 0, 0]], [[1495465740.0101898, 4, 0, 0, 0]], [[1495465740.0101898, 4, 0, 0, 0]], [[1495465745.0098722, 4, 0, 1, 1]], [[1495465745.0098722, 4, 0, 1, 1]], [[1495465750.007893, 5, 0, 2, 2]], [[1495465750.007893, 5, 0, 2, 2]], [[1495465755.006746, 4, 0, 0, 0]], [[1495465755.006746, 4, 0, 0, 0]], [[1495465760.0097747, 4, 0, 0, 0]], [[1495465760.0097747, 4, 0, 0, 0]], [[1495465765.0042884, 4, 0, 0, 0]], [[1495465765.0042884, 4, 0, 0, 0]], [[1495465770.0096357, 4, 0, 0, 0]], [[1495465770.0096357, 4, 0, 0, 0]], [[1495465775.009271, 121, 3, 1, 1]], [[1495465775.009271, 121, 3, 1, 1]], [[1495465780.0044098, 4648, 119, 0, 0]], [[1495465780.0044098, 4648, 119, 0, 0]], [[1495465785.0085928, 4646, 118, 0, 0]], [[1495465785.0085928, 4646, 118, 0, 0]], [[1495465790.0101569, 4648, 117, 0, 0]], [[1495465790.0101569, 4648, 117, 0, 0]], [[1495465795.0088677, 39, 3, 1, 1]], [[1495465795.0088677, 39, 3, 1, 1]], [[1495465800.0071502, 5, 0, 1, 1]], [[1495465800.0071502, 5, 0, 1, 1]], [[1495465805.0100453, 5, 0, 2, 2]], [[1495465805.0100453, 5, 0, 2, 2]], [[1495465810.011813, 4, 0, 0, 0]], [[1495465810.011813, 4, 0, 0, 0]], [[1495465815.0051277, 4, 0, 0, 0]], [[1495465815.0051277, 4, 0, 0, 0]], [[1495465820.011275, 4, 0, 0, 0]], [[1495465820.011275, 4, 0, 0, 0]], [[1495465825.0085561, 298, 277, 144, 137]], [[1495465825.0085561, 298, 277, 144, 137]], [[1495465830.0167325, 4645, 4384, 2101, 2100]], [[1495465830.0167325, 4645, 4384, 2101, 2100]], [[1495465835.0109487, 4643, 4379, 2097, 2099]], [[1495465835.0109487, 4643, 4379, 2097, 2099]], [[1495465840.0119193, 4483, 4228, 2012, 2018]], [[1495465840.0119193, 4483, 4228, 2012, 2018]], [[1495465845.0121155, 5, 0, 1, 1]], [[1495465845.0121155, 5, 0, 1, 1]], [[1495465850.011326, 4, 0, 0, 0]], [[1495465850.011326, 4, 0, 0, 0]], [[1495465855.0094519, 4, 0, 1, 1]], [[1495465855.0094519, 4, 0, 1, 1]], [[1495465860.0125816, 5, 0, 1, 1]], [[1495465860.0125816, 5, 0, 1, 1]], [[1495465865.0110118, 4, 0, 0, 0]], [[1495465865.0110118, 4, 0, 0, 0]]]}