{"192.168.0.5": [[[1495214310.0189073, 11110988, 3707451, 1969751, 2086803]], [[1495214315.0231519, 15, 0, 0, 0]], [[1495214315.0231519, 15, 0, 0, 0]], [[1495214320.0183613, 6, 0, 0, 0]], [[1495214320.0183613, 6, 0, 0, 0]], [[1495214325.0206082, 7, 0, 0, 0]], [[1495214325.0206082, 7, 0, 0, 0]], [[1495214330.0229225, 7, 0, 0, 0]], [[1495214330.0229225, 7, 0, 0, 0]], [[1495214335.018446, 8, 0, 0, 0]], [[1495214335.018446, 8, 0, 0, 0]], [[1495214340.0205526, 6, 0, 0, 0]], [[1495214340.0205526, 6, 0, 0, 0]], [[1495214345.0231924, 8, 0, 0, 0]], [[1495214345.0231924, 8, 0, 0, 0]], [[1495214350.0182164, 5, 0, 0, 0]], [[1495214350.0182164, 5, 0, 0, 0]], [[1495214355.020507, 6, 0, 0, 0]], [[1495214355.020507, 6, 0, 0, 0]], [[1495214360.0195744, 6, 0, 0, 0]], [[1495214360.0195744, 6, 0, 0, 0]], [[1495214365.0187886, 7, 0, 1, 1]], [[1495214365.0187886, 7, 0, 1, 1]], [[1495214370.0199194, 1332, 34, 0, 0]], [[1495214370.0199194, 1332, 34, 0, 0]], [[1495214375.02145, 4654, 117, 1, 1]], [[1495214375.02145, 4654, 117, 1, 1]], [[1495214380.0187619, 4650, 118, 0, 0]], [[1495214380.0187619, 4650, 118, 0, 0]], [[1495214385.021244, 3469, 91, 1, 1]], [[1495214385.021244, 3469, 91, 1, 1]], [[1495214390.019626, 5, 0, 1, 1]], [[1495214390.019626, 5, 0, 1, 1]], [[1495214395.023191, 5, 0, 0, 0]], [[1495214395.023191, 5, 0, 0, 0]], [[1495214400.0208082, 6, 0, 0, 0]], [[1495214400.0208082, 6, 0, 0, 0]], [[1495214405.0232043, 7, 0, 0, 0]], [[1495214405.0232043, 7, 0, 0, 0]], [[1495214410.017993, 6, 0, 1, 1]], [[1495214410.017993, 6, 0, 1, 1]], [[1495214415.0207396, 8, 0, 0, 0]], [[1495214415.0207396, 8, 0, 0, 0]], [[1495214420.0203915, 1466, 1380, 671, 665]], [[1495214420.0203915, 1466, 1380, 671, 665]], [[1495214425.0210814, 4646, 4383, 2097, 2098]], [[1495214425.0210814, 4646, 4383, 2097, 2098]], [[1495214430.0204048, 4644, 4385, 2097, 2097]], [[1495214430.0204048, 4644, 4385, 2097, 2097]], [[1495214435.0232074, 3308, 3118, 1483, 1488]], [[1495214435.0232074, 3308, 3118, 1483, 1488]], [[1495214440.0183585, 5, 0, 1, 1]], [[1495214440.0183585, 5, 0, 1, 1]], [[1495214445.021044, 6, 1, 0, 0]], [[1495214445.021044, 6, 1, 0, 0]], [[1495214450.0229704, 4, 0, 0, 0]], [[1495214450.0229704, 4, 0, 0, 0]], [[1495214455.017031, 6, 0, 0, 0]], [[1495214455.017031, 6, 0, 0, 0]], [[1495214460.0206952, 5, 0, 0, 0]], [[1495214460.0206952, 5, 0, 0, 0]]], "192.168.0.3": [[[1495214309.9787989, 15, 0, 2978, 2977]], [[1495214309.9787989, 15, 0, 2978, 2977]], [[1495214314.980383, 23, 13, 42, 42]], [[1495214314.980383, 23, 13, 42, 42]], [[1495214319.9816628, 191, 0, 1, 1]], [[1495214319.9816628, 191, 0, 1, 1]], [[1495214324.9816182, 31, 0, 2, 2]], [[1495214324.9816182, 31, 0, 2, 2]], [[1495214329.9781468, 27, 0, 0, 0]], [[1495214329.9781468, 27, 0, 0, 0]], [[1495214334.979732, 11, 0, 0, 0]], [[1495214334.979732, 11, 0, 0, 0]], [[1495214339.9818084, 19, 0, 1, 1]], [[1495214339.9818084, 19, 0, 1, 1]], [[1495214344.9818459, 38, 0, 21, 21]], [[1495214344.9818459, 38, 0, 21, 21]], [[1495214349.981877, 10, 0, 0, 0]], [[1495214349.981877, 10, 0, 0, 0]], [[1495214354.9817877, 44, 0, 0, 0]], [[1495214354.9817877, 44, 0, 0, 0]], [[1495214359.9818776, 93, 0, 0, 0]], [[1495214359.9818776, 93, 0, 0, 0]], [[1495214364.9793985, 134, 0, 0, 0]], [[1495214364.9793985, 134, 0, 0, 0]], [[1495214369.9817855, 1461, 0, 0, 0]], [[1495214369.9817855, 1461, 0, 0, 0]], [[1495214374.9818087, 4583, 1, 2, 2]], [[1495214374.9818087, 4583, 1, 2, 2]], [[1495214379.97828, 4556, 0, 0, 0]], [[1495214379.97828, 4556, 0, 0, 0]], [[1495214384.9817588, 3259, 0, 0, 0]], [[1495214384.9817588, 3259, 0, 0, 0]], [[1495214389.9818182, 38, 0, 0, 0]], [[1495214389.9818182, 38, 0, 0, 0]], [[1495214394.9790883, 23, 0, 0, 0]], [[1495214394.9790883, 23, 0, 0, 0]], [[1495214399.9817924, 62, 0, 0, 0]], [[1495214399.9817924, 62, 0, 0, 0]], [[1495214404.9819229, 31, 0, 12, 12]], [[1495214404.9819229, 31, 0, 12, 12]], [[1495214409.9818277, 22, 0, 8, 8]], [[1495214409.9818277, 22, 0, 8, 8]], [[1495214414.9817996, 60, 0, 0, 0]], [[1495214414.9817996, 60, 0, 0, 0]], [[1495214419.9819021, 1661, 41, 1, 1]], [[1495214419.9819021, 1661, 41, 1, 1]], [[1495214424.981966, 4645, 119, 1, 1]], [[1495214424.981966, 4645, 119, 1, 1]], [[1495214429.9787688, 4643, 119, 0, 0]], [[1495214429.9787688, 4643, 119, 0, 0]], [[1495214434.9818366, 3189, 83, 2, 2]], [[1495214434.9818366, 3189, 83, 2, 2]], [[1495214439.978957, 57, 0, 2, 2]], [[1495214439.978957, 57, 0, 2, 2]], [[1495214444.9817789, 125, 0, 0, 0]], [[1495214444.9817789, 125, 0, 0, 0]], [[1495214449.9818392, 55, 0, 0, 0]], [[1495214449.9818392, 55, 0, 0, 0]], [[1495214454.9793894, 104, 0, 0, 0]], [[1495214454.9793894, 104, 0, 0, 0]], [[1495214459.9817448, 169, 0, 0, 0]], [[1495214459.9817448, 169, 0, 0, 0]]], "192.168.0.1": []}