{"192.168.0.3": [[[1495264109.9904006, 1136835, 1702175, 18983, 18980]], [[1495264109.9904006, 1136835, 1702175, 18983, 18980]], [[1495264114.9918494, 2151, 84962, 21, 21]], [[1495264114.9918494, 2151, 84962, 21, 21]], [[1495264119.9952412, 4647, 119, 0, 0]], [[1495264119.9952412, 4647, 119, 0, 0]], [[1495264124.9951966, 3003, 79, 1, 1]], [[1495264124.9951966, 3003, 79, 1, 1]], [[1495264129.9932537, 15, 0, 1, 1]], [[1495264129.9932537, 15, 0, 1, 1]], [[1495264134.9937732, 8, 0, 0, 0]], [[1495264134.9937732, 8, 0, 0, 0]], [[1495264139.9943607, 9, 0, 0, 0]], [[1495264139.9943607, 9, 0, 0, 0]], [[1495264144.994938, 60, 0, 0, 0]], [[1495264144.994938, 60, 0, 0, 0]], [[1495264149.9924, 155, 0, 0, 0]], [[1495264149.9924, 155, 0, 0, 0]], [[1495264154.995162, 122, 0, 0, 0]], [[1495264154.995162, 122, 0, 0, 0]], [[1495264159.9951801, 28, 0, 0, 0]], [[1495264159.9951801, 28, 0, 0, 0]], [[1495264164.9952114, 2178, 0, 0, 0]], [[1495264164.9952114, 2178, 0, 0, 0]], [[1495264169.9952214, 4535, 0, 0, 0]], [[1495264169.9952214, 4535, 0, 0, 0]], [[1495264174.9952018, 3835, 0, 12, 12]], [[1495264174.9952018, 3835, 0, 12, 12]], [[1495264179.995238, 28, 0, 8, 8]], [[1495264179.995238, 28, 0, 8, 8]], [[1495264184.9952319, 8, 0, 0, 0]], [[1495264184.9952319, 8, 0, 0, 0]], [[1495264189.9931679, 13, 0, 0, 0]], [[1495264189.9931679, 13, 0, 0, 0]], [[1495264194.9951754, 12, 0, 0, 0]], [[1495264194.9951754, 12, 0, 0, 0]], [[1495264199.9952106, 21, 0, 0, 0]], [[1495264199.9952106, 21, 0, 0, 0]], [[1495264204.9952376, 11, 0, 0, 0]], [[1495264204.9952376, 11, 0, 0, 0]], [[1495264209.9951906, 26, 0, 0, 0]], [[1495264209.9951906, 26, 0, 0, 0]], [[1495264214.9954543, 2682, 74, 8, 8]], [[1495264214.9954543, 2682, 74, 8, 8]], [[1495264219.9926305, 4640, 122, 7, 7]], [[1495264219.9926305, 4640, 122, 7, 7]], [[1495264224.99532, 4643, 120, 5, 5]], [[1495264224.99532, 4643, 120, 5, 5]], [[1495264229.995274, 2127, 54, 3, 3]], [[1495264229.995274, 2127, 54, 3, 3]], [[1495264234.9923456, 27, 0, 0, 0]], [[1495264234.9923456, 27, 0, 0, 0]], [[1495264239.9951885, 79, 84907, 20, 20]], [[1495264239.9951885, 79, 84907, 20, 20]], [[1495264244.99515, 38, 0, 0, 0]], [[1495264244.99515, 38, 0, 0, 0]], [[1495264249.9921525, 10, 0, 0, 0]], [[1495264249.9921525, 10, 0, 0, 0]], [[1495264254.9951506, 13, 0, 0, 0]], [[1495264254.9951506, 13, 0, 0, 0]]], "192.168.0.5": [[[1495264110.062105, 11302472, 3800843, 1997045, 2114091]], [[1495264110.062105, 11302472, 3800843, 1997045, 2114091]], [[1495264115.0633724, 2940, 2506, 1332, 965]], [[1495264115.0633724, 2940, 2506, 1332, 965]], [[1495264120.068219, 4644, 4379, 2098, 2098]], [[1495264120.068219, 4644, 4379, 2098, 2098]], [[1495264125.0679147, 3722, 3508, 1670, 1676]], [[1495264125.0679147, 3722, 3508, 1670, 1676]], [[1495264130.069724, 5, 4, 1, 1]], [[1495264130.069724, 5, 4, 1, 1]], [[1495264135.0682194, 5, 5, 1, 1]], [[1495264135.0682194, 5, 5, 1, 1]], [[1495264140.0671506, 5, 5, 0, 0]], [[1495264140.0671506, 5, 5, 0, 0]], [[1495264145.0652826, 5, 4, 0, 0]], [[1495264145.0652826, 5, 4, 0, 0]], [[1495264150.0634305, 5, 0, 0, 0]], [[1495264150.0634305, 5, 0, 0, 0]], [[1495264155.0675871, 5, 1, 0, 0]], [[1495264155.0675871, 5, 1, 0, 0]], [[1495264160.0659027, 5, 0, 0, 0]], [[1495264160.0659027, 5, 0, 0, 0]], [[1495264165.068592, 1416, 36, 0, 0]], [[1495264165.068592, 1416, 36, 0, 0]], [[1495264170.0605116, 4649, 117, 1, 1]], [[1495264170.0605116, 4649, 117, 1, 1]], [[1495264175.069842, 4653, 117, 0, 0]], [[1495264175.069842, 4653, 117, 0, 0]], [[1495264180.068522, 3400, 90, 2, 2]], [[1495264180.068522, 3400, 90, 2, 2]], [[1495264185.06785, 5, 1, 1, 1]], [[1495264185.06785, 5, 1, 1, 1]], [[1495264190.065599, 5, 0, 0, 0]], [[1495264190.065599, 5, 0, 0, 0]], [[1495264195.068404, 5, 1, 1, 1]], [[1495264195.068404, 5, 1, 1, 1]], [[1495264200.067135, 5, 4, 0, 0]], [[1495264200.067135, 5, 4, 0, 0]], [[1495264205.0656426, 5, 5, 0, 0]], [[1495264205.0656426, 5, 5, 0, 0]], [[1495264210.0689087, 5, 0, 0, 0]], [[1495264210.0689087, 5, 0, 0, 0]], [[1495264215.06476, 1941, 1822, 882, 875]], [[1495264215.06476, 1941, 1822, 882, 875]], [[1495264220.0647993, 4644, 4377, 2095, 2097]], [[1495264220.0647993, 4644, 4377, 2095, 2097]], [[1495264225.0627599, 4633, 4366, 2092, 2091]], [[1495264225.0627599, 4633, 4366, 2092, 2091]], [[1495264230.0691068, 2816, 2653, 1259, 1265]], [[1495264230.0691068, 2816, 2653, 1259, 1265]], [[1495264235.068525, 5, 0, 0, 0]], [[1495264235.068525, 5, 0, 0, 0]], [[1495264240.0678475, 5, 0, 0, 0]], [[1495264240.0678475, 5, 0, 0, 0]], [[1495264245.067583, 5, 0, 0, 0]], [[1495264245.067583, 5, 0, 0, 0]], [[1495264250.0652184, 5, 0, 0, 0]], [[1495264250.0652184, 5, 0, 0, 0]], [[1495264255.0676508, 5, 0, 1, 1]], [[1495264255.0676508, 5, 0, 1, 1]]], "192.168.0.1": []}