{"192.168.0.3": [[[1495616030.0621438, 2628159, 52618, 26295, 26271]], [[1495616035.067505, 4, 0, 0, 0]], [[1495616040.0673106, 222, 0, 0, 0]], [[1495616045.0649695, 88, 0, 0, 0]], [[1495616050.0672991, 56, 0, 0, 0]], [[1495616055.067332, 39, 0, 0, 0]], [[1495616060.0673168, 22, 0, 0, 0]], [[1495616065.0650406, 106, 0, 0, 0]], [[1495616070.0674143, 101, 0, 0, 0]], [[1495616075.0674224, 136, 0, 0, 0]]], "192.168.0.1": [[[1495616030.0524547, 315174, 62387, 40631, 40630]], [[1495616035.023847, 5, 0, 0, 0]], [[1495616040.0253043, 5, 0, 0, 0]], [[1495616045.0266745, 5, 0, 0, 0]], [[1495616050.0306835, 5, 0, 0, 0]], [[1495616055.024309, 5, 2, 3, 3]], [[1495616060.031025, 4, 0, 0, 0]], [[1495616065.028169, 4, 0, 1, 1]], [[1495616070.0238757, 5, 0, 1, 1]], [[1495616075.025608, 4, 0, 0, 0]]], "192.168.0.5": [[[1495616030.083931, 12063172, 4132142, 2072860, 2189160]], [[1495616035.0463572, 5, 0, 3, 3]], [[1495616040.0496407, 5, 0, 3, 3]], [[1495616045.0516517, 6, 0, 3, 3]], [[1495616050.0468884, 5, 0, 0, 0]], [[1495616055.0506032, 5, 0, 1, 1]], [[1495616060.0479457, 4, 0, 0, 0]], [[1495616065.050984, 4, 0, 0, 0]], [[1495616070.0543895, 5, 0, 0, 0]], [[1495616075.0499136, 5, 0, 0, 0]]]}