{"192.168.0.1": [[[1494597230.0395472, 10142976]], [[1494597230.0395472, 10142976]], [[1494597235.041005, 2266]], [[1494597235.041005, 2266]], [[1494597240.0390968, 4375]], [[1494597240.0390968, 4375]], [[1494597245.0428102, 4639]], [[1494597245.0428102, 4639]], [[1494597250.0453284, 1920]], [[1494597250.0453284, 1920]], [[1494597255.0448153, 6]], [[1494597255.0448153, 6]], [[1494597260.0415466, 4]], [[1494597260.0415466, 4]], [[1494597265.0405383, 4]], [[1494597265.0405383, 4]], [[1494597270.0442777, 4]], [[1494597270.0442777, 4]], [[1494597275.0438633, 5]], [[1494597275.0438633, 5]], [[1494597280.0442843, 5]], [[1494597280.0442843, 5]], [[1494597285.0469966, 3170]], [[1494597285.0469966, 3170]], [[1494597290.0399039, 4639]], [[1494597290.0399039, 4639]], [[1494597295.0404508, 4646]], [[1494597295.0404508, 4646]], [[1494597300.0430312, 1591]], [[1494597300.0430312, 1591]], [[1494597305.0439014, 5]], [[1494597305.0439014, 5]], [[1494597310.0450835, 5]], [[1494597310.0450835, 5]], [[1494597315.0455866, 5]], [[1494597315.0455866, 5]], [[1494597320.0442674, 4]], [[1494597320.0442674, 4]], [[1494597325.044135, 4]], [[1494597325.044135, 4]], [[1494597330.0448153, 4]], [[1494597330.0448153, 4]], [[1494597335.044032, 3622]], [[1494597335.044032, 3622]], [[1494597340.0450003, 4621]], [[1494597340.0450003, 4621]], [[1494597345.045537, 4622]], [[1494597345.045537, 4622]], [[1494597350.0435908, 1137]], [[1494597350.0435908, 1137]], [[1494597355.0446765, 6]], [[1494597355.0446765, 6]], [[1494597360.0449433, 5]], [[1494597360.0449433, 5]], [[1494597365.0449493, 5]], [[1494597365.0449493, 5]], [[1494597370.0452147, 5]], [[1494597370.0452147, 5]], [[1494597375.0456038, 5]], [[1494597375.0456038, 5]]], "192.168.0.5": [[[1494597230.0518205, 10145880]], [[1494597230.0518205, 10145880]], [[1494597235.0576043, 1907]], [[1494597235.0576043, 1907]], [[1494597240.0547314, 4265]], [[1494597240.0547314, 4265]], [[1494597245.0531056, 4619]], [[1494597245.0531056, 4619]], [[1494597250.0577025, 2352]], [[1494597250.0577025, 2352]], [[1494597255.0536106, 5]], [[1494597255.0536106, 5]], [[1494597260.0502048, 4]], [[1494597260.0502048, 4]], [[1494597265.058451, 4]], [[1494597265.058451, 4]], [[1494597270.0537891, 4]], [[1494597270.0537891, 4]], [[1494597275.0588412, 5]], [[1494597275.0588412, 5]], [[1494597280.0576184, 5]], [[1494597280.0576184, 5]], [[1494597285.0531492, 2715]], [[1494597285.0531492, 2715]], [[1494597290.0556657, 4649]], [[1494597290.0556657, 4649]], [[1494597295.0587957, 4649]], [[1494597295.0587957, 4649]], [[1494597300.054815, 2033]], [[1494597300.054815, 2033]], [[1494597305.055637, 4]], [[1494597305.055637, 4]], [[1494597310.0583856, 4]], [[1494597310.0583856, 4]], [[1494597315.053703, 6]], [[1494597315.053703, 6]], [[1494597320.05647, 4]], [[1494597320.05647, 4]], [[1494597325.0576317, 5]], [[1494597325.0576317, 5]], [[1494597330.05356, 4]], [[1494597330.05356, 4]], [[1494597335.0567374, 3192]], [[1494597335.0567374, 3192]], [[1494597340.0503483, 4636]], [[1494597340.0503483, 4636]], [[1494597345.0521548, 4646]], [[1494597345.0521548, 4646]], [[1494597350.0534708, 1594]], [[1494597350.0534708, 1594]], [[1494597355.0577319, 5]], [[1494597355.0577319, 5]], [[1494597360.0546122, 5]], [[1494597360.0546122, 5]], [[1494597365.056346, 5]], [[1494597365.056346, 5]], [[1494597370.0584447, 6]], [[1494597370.0584447, 6]], [[1494597375.0546563, 5]], [[1494597375.0546563, 5]]], "192.168.0.3": [[[1494597229.9990172, 4635514]], [[1494597229.9990172, 4635514]], [[1494597235.0040133, 2642]], [[1494597235.0040133, 2642]], [[1494597240.0039942, 4536]], [[1494597240.0039942, 4536]], [[1494597245.004213, 4634]], [[1494597245.004213, 4634]], [[1494597250.0039854, 1687]], [[1494597250.0039854, 1687]], [[1494597255.0040894, 106]], [[1494597255.0040894, 106]], [[1494597260.000116, 117]], [[1494597260.000116, 117]], [[1494597265.004009, 91]], [[1494597265.004009, 91]], [[1494597270.004178, 86]], [[1494597270.004178, 86]], [[1494597274.999994, 73]], [[1494597274.999994, 73]], [[1494597279.9993951, 98]], [[1494597279.9993951, 98]], [[1494597285.0006447, 3372]], [[1494597285.0006447, 3372]], [[1494597290.001812, 4558]], [[1494597290.001812, 4558]], [[1494597295.0033553, 4221]], [[1494597295.0033553, 4221]], [[1494597300.0039694, 701]], [[1494597300.0039694, 701]], [[1494597305.0041244, 64]], [[1494597305.0041244, 64]], [[1494597310.0039463, 148]], [[1494597310.0039463, 148]], [[1494597315.0040855, 63]], [[1494597315.0040855, 63]], [[1494597320.00407, 38]], [[1494597320.00407, 38]], [[1494597324.9999743, 45]], [[1494597324.9999743, 45]], [[1494597330.004038, 94]], [[1494597330.004038, 94]], [[1494597335.004094, 3888]], [[1494597335.004094, 3888]], [[1494597340.004141, 4643]], [[1494597340.004141, 4643]], [[1494597345.0019052, 4643]], [[1494597345.0019052, 4643]], [[1494597350.0040271, 951]], [[1494597350.0040271, 951]], [[1494597355.0041125, 65]], [[1494597355.0041125, 65]], [[1494597360.0039527, 34]], [[1494597360.0039527, 34]], [[1494597365.0039995, 33]], [[1494597365.0039995, 33]], [[1494597370.0040855, 11]], [[1494597370.0040855, 11]], [[1494597375.0023053, 87]], [[1494597375.0023053, 87]]]}