{"192.168.3.104": [[[16.0, 6575286595, 4.0, 15, 0.01953125, 4, 33742.0, 1266857512.0, 6575286595.0, 129.0]], [[0.0, 6577323695, 0.0, 15, 0.01953125, 0, 0.0, 160833.0, 2037100.0, 0.0]], [[0.0, 6579360201, 0.0, 15, 0.01953125, 0, 9.0, 189071.0, 2036506.0, 0.0]], [[0.0, 6581396433, 0.0, 15, 0.01953125, 0, 10.0, 146003.0, 2036232.0, 0.0]], [[0.0, 6583432909, 0.0, 15, 0.01953125, 0, 8.0, 213107.0, 2036476.0, 0.0]], [[0.0, 6585469270, 0.0, 15, 0.01953125, 0, 20.0, 183450.0, 2036361.0, 0.0]], [[0.0, 6587505757, 0.0, 15, 0.01953125, 0, 41.0, 285980.0, 2036487.0, 0.0]], [[0.0, 6589542274, 0.0, 15, 0.01953125, 0, 16.0, 180770.0, 2036517.0, 0.0]], [[0.0, 6591578536, 0.0, 15, 0.01953125, 0, 12.0, 138030.0, 2036262.0, 0.0]], [[0.0, 6593615047, 0.0, 15, 0.01953125, 0, 21.0, 176610.0, 2036511.0, 0.0]], [[0.0, 6595651502, 0.0, 15, 0.01953125, 0, 7.0, 173005.0, 2036455.0, 0.0]], [[0.0, 6597687869, 0.0, 15, 0.01953125, 0, 32.0, 176109.0, 2036367.0, 0.0]], [[0.0, 6599724610, 0.0, 15, 0.01953125, 0, 5.0, 190598.0, 2036741.0, 0.0]], [[0.0, 6601760843, 0.0, 15, 0.01953125, 0, 78.0, 196085.0, 2036233.0, 0.0]], [[0.0, 6603797175, 0.0, 15, 0.01953125, 0, 139.0, 240205.0, 2036332.0, 0.0]], [[0.0, 6605837089, 0.0, 15, 0.01953125, 0, 8.0, 173118.0, 2039914.0, 0.0]], [[0.0, 6607874218, 0.0, 15, 0.01953125, 0, 20.0, 180188.0, 2037129.0, 0.0]], [[0.0, 6609910657, 0.0, 15, 0.01953125, 0, 16.0, 253289.0, 2036439.0, 0.0]], [[0.0, 6611947094, 0.0, 15, 0.01953125, 0, 6.0, 190944.0, 2036437.0, 0.0]], [[0.0, 6613983543, 0.0, 15, 0.01953125, 0, 21.0, 202819.0, 2036449.0, 0.0]]], "192.168.3.103": [[[0.0, 6481193496, 0.0, 15, 0.0, 0, 33933.0, 0.0, 6481193496.0, 0.0]], [[0.0, 6482763685, 0.0, 15, 0.0, 0, 0.0, 0.0, 1570189.0, 0.0]], [[0.0, 6484800111, 0.0, 15, 0.0, 0, 7.0, 0.0, 2036426.0, 0.0]], [[0.0, 6486836496, 0.0, 15, 0.0, 0, 4.0, 0.0, 2036385.0, 0.0]], [[0.0, 6487872605, 0.0, 15, 0.0, 0, 8.0, 0.0, 1036109.0, 0.0]], [[0.0, 6489909010, 0.0, 15, 0.0, 0, 11.0, 0.0, 2036405.0, 0.0]], [[0.0, 6491945557, 0.0, 15, 0.0, 0, 22.0, 0.0, 2036547.0, 0.0]], [[0.0, 6492981794, 0.0, 15, 0.0, 0, 18.0, 0.0, 1036237.0, 0.0]], [[0.0, 6495018094, 0.0, 15, 0.0, 0, 21.0, 0.0, 2036300.0, 0.0]], [[0.0, 6497054496, 0.0, 15, 0.0, 0, 17.0, 0.0, 2036402.0, 0.0]], [[0.0, 6498090712, 0.0, 15, 0.0, 0, 11.0, 0.0, 1036216.0, 0.0]], [[0.0, 6500127262, 0.0, 15, 0.0, 0, 20.0, 0.0, 2036550.0, 0.0]], [[0.0, 6502163612, 0.0, 15, 0.0, 0, 18.0, 0.0, 2036350.0, 0.0]], [[0.0, 6503199744, 0.0, 15, 0.0, 0, 7.0, 0.0, 1036132.0, 0.0]], [[0.0, 6505239040, 0.0, 15, 0.0, 0, 9.0, 0.0, 2039296.0, 0.0]], [[0.0, 6507276789, 0.0, 15, 0.0, 0, 12.0, 0.0, 2037749.0, 0.0]], [[0.0, 6508312848, 0.0, 15, 0.0, 0, 72.0, 0.0, 1036059.0, 0.0]], [[0.0, 6510349438, 0.0, 15, 0.0, 0, 144.0, 0.0, 2036590.0, 0.0]], [[0.0, 6512385741, 0.0, 15, 0.0, 0, 10.0, 0.0, 2036303.0, 0.0]], [[0.0, 6513421880, 0.0, 15, 0.0, 0, 7.0, 0.0, 1036139.0, 0.0]], [[0.0, 6515460931, 0.0, 15, 0.0, 0, 19.0, 0.0, 2039051.0, 0.0]], [[0.0, 6517498764, 0.0, 15, 0.0, 0, 11.0, 0.0, 2037833.0, 0.0]], [[0.0, 6518535106, 0.0, 15, 0.0, 0, 4.0, 0.0, 1036342.0, 0.0]], [[0.0, 6520573929, 0.0, 15, 0.0, 0, 25.0, 0.0, 2038823.0, 0.0]], [[0.0, 6522611857, 0.0, 15, 0.0, 0, 17.0, 0.0, 2037928.0, 0.0]]]}